{"cameraMode":{"drawMode":0,"name":"Shaded","section":"Shading Mode"},"sceneLighting":false,"audioPlay":false,"sceneViewState":{"showFog":true,"showMaterialUpdate":false,"showSkybox":false,"showFlares":true,"showImageEffects":true,"showParticleSystems":true},"in2DMode":false,"pivot":{"x":1.2617751359939576,"y":1.7854501008987427,"z":-1.3143541812896729},"rotation":{"x":-0.020152579993009568,"y":-0.934497058391571,"z":0.053617194294929507,"w":-0.3514355719089508},"size":3.9247446060180666,"orthographic":false}